{
  "meta": {
    "batches": 300,
    "ticksPerBatch": 80,
    "digestInterval": 20,
    "blendAlpha": 0.7,
    "learningRate": 0.05,
    "deltaClamp": 0.5,
    "engramVectors": 101,
    "totalObservations": 1244402,
    "trainingTime": "78.7s",
    "timestamp": "2026-03-08T03:09:59.283Z"
  },
  "survivals": {
    "summarizer": {
      "count": 183,
      "avgFitness": 0.24391064272024804
    },
    "sentinel": {
      "count": 184,
      "avgFitness": 0.3571822103385433
    },
    "herald": {
      "count": 427,
      "avgFitness": 0.4083822249655135
    },
    "anchor": {
      "count": 945,
      "avgFitness": 1.002290731012741
    },
    "spore": {
      "count": 117,
      "avgFitness": 0.3762259276834448
    }
  },
  "delta": {
    "summarizer": [
      [
        -0.0026432484863279765,
        0.0000011073030904089244,
        -0.00215156704158283,
        0.0013925440746509062
      ],
      [
        -0.01601198536547223,
        6.173039077683875e-7,
        -0.02379183035820592,
        -0.0009640404158604181
      ],
      [
        0.0059089597070025625,
        8.265722266984104e-7,
        0.003925298183543981,
        -0.0011220871146189588
      ],
      [
        -0.007811049803364179,
        -2.967400522773354e-7,
        -0.0116940978274736,
        -0.000905255122790644
      ],
      [
        0.008403359413894782,
        -0.000001249998959010608,
        0.012827878624141932,
        0.0004908569535769056
      ],
      [
        -0.002741034789968846,
        -6.114692957014697e-7,
        -0.0022088299641321923,
        0.00010136600644429226
      ],
      [
        -0.006796452267589014,
        1.670281671347276e-7,
        -0.006656801629321629,
        0.00010592988527714324
      ],
      [
        0.0020405916213120535,
        -0.0000010376844243448435,
        0.0044395033664347055,
        0.00027974629258754435
      ],
      [
        -0.006926611888956753,
        -2.9727796885496897e-7,
        -0.007075883376563904,
        0.0006915812657338922
      ]
    ],
    "sentinel": [
      [
        0.0020802288817710107,
        4.053827177885469e-7,
        0.017977612818955165,
        0.002039238489269749
      ],
      [
        -0.011899330600831091,
        3.8075148922361386e-7,
        -0.043277481900102735,
        -0.0014117386709839033
      ],
      [
        0.002309516599938003,
        3.1165803692841523e-7,
        -0.004842704756823503,
        -0.001643181910072212
      ],
      [
        0.005615860283109934,
        -2.2170003244696009e-7,
        -0.002919748229708144,
        -0.0013256536167202259
      ],
      [
        0.0054267146315693324,
        -3.3583194892042023e-7,
        0.02497325444158306,
        0.0007188098464392607
      ],
      [
        -0.0070555521477170605,
        -2.3937617466644045e-7,
        -0.010849480477114875,
        0.00014844015755593643
      ],
      [
        -0.00934279273877094,
        4.866435974929189e-8,
        -0.01797696069706141,
        0.00015512349171083295
      ],
      [
        -0.0021162060199180254,
        -2.8273029476730465e-7,
        0.0019020901814123788,
        0.0004096598574217817
      ],
      [
        -0.009704491412350962,
        -2.880746692167879e-7,
        -0.019113355766482952,
        0.0010127500890023807
      ]
    ],
    "herald": [
      [
        0.0046134155230247356,
        6.594474702025429e-7,
        0.010069296524645681,
        0.006360409489006521
      ],
      [
        -0.019371410754977354,
        3.739071577202702e-7,
        -0.05041101313894878,
        -0.015146982317862438
      ],
      [
        -0.00214641196198066,
        3.1902510647274735e-7,
        -0.020784405431783694,
        -0.013495836141534675
      ],
      [
        0.005445148313226017,
        -2.6861009570072034e-7,
        -0.003961524331933256,
        -0.004544860522875878
      ],
      [
        0.008248075956735301,
        -4.771228447475791e-7,
        0.02500153937230817,
        0.0063672311723066075
      ],
      [
        -0.011937647803919125,
        -3.6684069026044424e-7,
        -0.004649098351167835,
        0.004298539308168985
      ],
      [
        -0.014897439206089668,
        -3.7511202620340126e-8,
        -0.010356374025585199,
        0.001646045825797799
      ],
      [
        -0.004107639337614428,
        -4.164093740183275e-7,
        0.004018200081491053,
        0.0021802408204061904
      ],
      [
        -0.011143335773684435,
        -4.225198337936343e-7,
        -0.005002394196609446,
        0.0060338660553251626
      ]
    ],
    "anchor": [
      [
        -0.06752096771590764,
        0.0000011349465512415032,
        -0.08456928353906289,
        0.005709238674952273
      ],
      [
        -0.08840182873745547,
        0.00000106598670987206,
        -0.13604375447424455,
        -0.003952432764346896
      ],
      [
        -0.05919921857758829,
        8.725463584343143e-7,
        -0.09248146078974537,
        -0.0046004024346979
      ],
      [
        0.037662422377638394,
        -6.206916974863588e-7,
        0.0401384699711452,
        -0.003711421169222703
      ],
      [
        -0.0190489146851184,
        -9.402258544794632e-7,
        0.002016785148235537,
        0.002012445820742194
      ],
      [
        -0.09074615339866274,
        -6.70179442698324e-7,
        -0.11246479068114905,
        0.0004155866481010976
      ],
      [
        -0.1042134690981844,
        1.3624519458336684e-7,
        -0.1342187326058392,
        0.0004342979219592272
      ],
      [
        -0.05734371776059553,
        -7.915576044487997e-7,
        -0.058108813270391975,
        0.0011469212227381066
      ],
      [
        -0.1033897855094892,
        -8.065202041942288e-7,
        -0.13209911742131306,
        0.002835387820805743
      ]
    ],
    "spore": [
      [
        0.004326440047267217,
        0.0000026134324642368857,
        0.00970083318773016,
        0.00225351098254167
      ],
      [
        -0.024070649687967408,
        0.000002630987866343016,
        -0.04599693920780403,
        -0.001553127911111529
      ],
      [
        -0.0002712202593180622,
        -6.40058158562417e-8,
        -0.0011586775169297678,
        -0.0017212311960382507
      ],
      [
        -0.006047549776112725,
        0.000002259330886311857,
        -0.019544005291113775,
        -0.0015180019983629424
      ],
      [
        0.016488517982791093,
        -0.0000032555415067777177,
        0.029781429774733064,
        0.0007833092791884381
      ],
      [
        -0.009100380968684893,
        -0.0000028356278687502475,
        -0.01160944932971594,
        0.00009540582811300276
      ],
      [
        -0.012505891405083845,
        3.1626724559429057e-7,
        -0.014127296457643341,
        0.00008027595690985085
      ],
      [
        -0.005400022143477041,
        -7.521083723963709e-7,
        -0.005653028396861592,
        0.0003964638359786715
      ],
      [
        -0.009435996339235338,
        -0.0000042076343924611175,
        -0.009714207297701402,
        0.0010234679909273759
      ]
    ]
  },