{
  "meta": {
    "batches": 100,
    "ticksPerBatch": 80,
    "digestInterval": 20,
    "blendAlpha": 0.7,
    "learningRate": 0.05,
    "deltaClamp": 0.5,
    "engramVectors": 105,
    "totalObservations": 313856,
    "trainingTime": "21.4s",
    "timestamp": "2026-03-06T15:32:47.693Z"
  },
  "survivals": {
    "summarizer": {
      "count": 13,
      "avgFitness": 0.36785345668202835
    },
    "sentinel": {
      "count": 32,
      "avgFitness": 0.4126509325296042
    },
    "herald": {
      "count": 29,
      "avgFitness": 0.565450772935589
    },
    "anchor": {
      "count": 27,
      "avgFitness": 0.15206913651891274
    },
    "spore": {
      "count": 21,
      "avgFitness": 0.6265348028405595
    }
  },
  "delta": {
    "summarizer": [
      [
        -0.00481320662462451,
        8.742881080120527e-8,
        -0.001969536001766185,
        0.00037991295499912773
      ],
      [
        -0.02637881893623544,
        -2.2093740431302618e-8,
        -0.0341536023008727,
        -0.00044467768205797416
      ],
      [
        0.010299487105622118,
        -9.332386816034497e-8,
        0.009935084280455158,
        -0.0005057401113830447
      ],
      [
        -0.02899191532458788,
        1.8064297543170471e-7,
        -0.032026355695381814,
        0.000002619046414810808
      ],
      [
        0.017076013540922363,
        -2.3947129133961123e-7,
        0.02074860371633993,
        0.00034961099854742366
      ],
      [
        0.001905649345239494,
        -4.292455398840635e-9,
        0.00012350658319913905,
        -0.00025766174162481897
      ],
      [
        -0.007638353450276916,
        2.1031353387709826e-7,
        -0.010725077892546604,
        -0.00019221846580949793
      ],
      [
        0.008081238376367114,
        4.449149125907739e-8,
        0.008061934373172059,
        0.000037671200226061506
      ],
      [
        -0.007361353054498198,
        8.268100649933555e-8,
        -0.01132849539184717,
        -0.000007042782097132981
      ]
    ],
    "sentinel": [
      [
        0.005660279135060243,
        9.80759583788744e-8,
        0.023071114920149835,
        0.0004261790457931743
      ],
      [
        -0.01215306993341234,
        -2.4784333071864435e-8,
        -0.0450270916559339,
        -0.0004988308709436431
      ],
      [
        0.006238373389816726,
        -1.0468892034070052e-7,
        0.000331693882634718,
        -0.0005673295297051781
      ],
      [
        -0.006261866884703446,
        2.02641815409797e-7,
        -0.011911308258555811,
        0.000002937995894229685
      ],
      [
        0.006935575018517337,
        -2.6863428871018385e-7,
        0.025250769796967963,
        0.0003921868938638377
      ],
      [
        -0.00619222432151947,
        -4.8151939066986056e-9,
        -0.01370246013470595,
        -0.00028903998597079925
      ],
      [
        -0.008647135077739508,
        2.359256771997627e-7,
        -0.020230042120361696,
        -0.00021562697787630804
      ],
      [
        -0.0004894282384403996,
        4.990969915925213e-8,
        0.0019748749796001004,
        0.00004225882785772169
      ],
      [
        -0.01126543092351421,
        9.274996283079362e-8,
        -0.025014917055615198,
        -0.000007900457497934694
      ]
    ],
    "herald": [
      [
        0.012455042233498135,
        1.3439234495793755e-7,
        0.031071153969548546,
        0.0037611225467184266
      ],
      [
        -0.029334773670652205,
        -3.3961683319771526e-8,
        -0.06182844057162511,
        -0.007107914782018732
      ],
      [
        0.0008749741089052985,
        -1.4345400981299023e-7,
        -0.008606659800861506,
        -0.005291926167695334
      ],
      [
        -0.015565441181219188,
        2.7767772254899776e-7,
        -0.02097143838134371,
        -0.001716886026587974
      ],
      [
        0.01873538767235932,
        -3.681064410954121e-7,
        0.03329087248713283,
        0.003839477082912828
      ],
      [
        -0.014856876581599244,
        -6.598204200549409e-9,
        -0.028007570942507137,
        -0.0018474119453706225
      ],
      [
        -0.015514309340092037,
        3.2328621120561126e-7,
        -0.027848382609190224,
        -0.0017506122770658877
      ],
      [
        0.0006912135716053046,
        6.83906802138565e-8,
        -0.001185461568854227,
        0.00045067586062267896
      ],
      [
        -0.016691724561598037,
        1.2709419520979e-7,
        -0.03199143308820883,
        -0.00026448224467872354
      ]
    ],
    "anchor": [
      [
        0.0024334390929382516,
        2.783381063188185e-7,
        0.007219587168925861,
        0.00015705448452263637
      ],
      [
        -0.003980093270070817,
        -1.0489199988946353e-7,
        -0.007572820496672902,
        -0.00018382796168268668
      ],
      [
        0.0022556287313604314,
        -3.7312100293659104e-7,
        0.002262073212749046,
        -0.00020907092388009548
      ],
      [
        -0.002256239255691257,
        6.55338045317597e-7,
        -0.0016980984132242336,
        0.0000010827032329548087
      ],
      [
        0.002493632623710632,
        -9.615054314639508e-7,
        0.004187762795658162,
        0.000144527777844364
      ],
      [
        -0.002699224689504378,
        -3.9689691858123604e-8,
        -0.007116094752971783,
        -0.00010651632559406555
      ],
      [
        -0.003692430067875681,
        7.294198740937501e-7,
        -0.007857235617991808,
        -0.0000794623391126844
      ],
      [
        -0.0004944195450767969,
        1.4024964209540032e-7,
        -0.002355538160462696,
        0.00001557312235605837
      ],
      [
        -0.003610251897118701,
        7.558267428879716e-8,
        -0.008192228674456892,
        -0.000002911457736083287
      ]
    ],
    "spore": [
      [
        0.023977299871594734,
        5.103866429954528e-7,
        0.039464351041962144,
        0.0007094602002265884
      ],
      [
        -0.0401849518725217,
        -1.661191394799421e-7,
        -0.07202283074145002,
        -0.0007833687940647027
      ],
      [
        0.009881878820686328,
        6.984005254724137e-7,
        0.013458404898973285,
        -0.0008436590641605744
      ],
      [
        -0.03163731438273595,
        -5.5124973726019044e-8,
        -0.05037528703350403,
        0.0000335813516666929
      ],
      [
        0.029421719690182195,
        -7.706713537335233e-7,
        0.051980938497261896,
        0.0005593258797762849
      ],
      [
        -0.02890063370855345,
        -3.7011041586040166e-7,
        -0.04555738790035634,
        -0.0004969263085991421
      ],
      [
        -0.03136965113312925,
        -4.589530472531338e-9,
        -0.048943535264562424,
        -0.000351798030146867
      ],
      [
        -0.02226487762805661,
        -2.8702069671845755e-7,
        -0.039668658255584244,
        0.00003266131804258376
      ],
      [
        -0.029944269667445764,
        -2.2197560887981266e-7,
        -0.049911374401768,
        -0.00006884650066261851
      ]
    ]
  },